"CHROM","POS","REF","ALT","Variant","Drug","Gene","Mutation","Tier","Effect","Result"
"NC_000962.3",7362,"G","C","gyrA_p.Glu21Gln","Levofloxacin","gyrA","p.Glu21Gln",1,"missense_variant","Not assoc w R"
"NC_000962.3",7362,"G","C","gyrA_p.Glu21Gln","Moxifloxacin","gyrA","p.Glu21Gln",1,"missense_variant","Not assoc w R"
"NC_000962.3",7585,"G","C","gyrA_p.Ser95Thr","Levofloxacin","gyrA","p.Ser95Thr",1,"missense_variant","Not assoc w R"
"NC_000962.3",7585,"G","C","gyrA_p.Ser95Thr","Moxifloxacin","gyrA","p.Ser95Thr",1,"missense_variant","Not assoc w R"
"NC_000962.3",9304,"G","A","gyrA_p.Gly668Asp","Levofloxacin","gyrA","p.Gly668Asp",1,"missense_variant","Not assoc w R"
"NC_000962.3",9304,"G","A","gyrA_p.Gly668Asp","Moxifloxacin","gyrA","p.Gly668Asp",1,"missense_variant","Not assoc w R"
"NC_000962.3",491742,"T","C","fgd1_c.960T>C","Clofazimine","fgd1","c.960T>C",2,"synonymous_variant","Not assoc w R"
"NC_000962.3",491742,"T","C","fgd1_c.960T>C","Delamanid","fgd1","c.960T>C",1,"synonymous_variant","Not assoc w R - Interim"
"NC_000962.3",575228,"A","T","mshA_c.-120A>T","Ethionamide","mshA","c.-120A>T",1,"upstream_gene_variant","Uncertain significance"
"NC_000962.3",575228,"A","T","mshA_c.-120A>T","Isoniazid","mshA","c.-120A>T",2,"upstream_gene_variant","Uncertain significance"
"NC_000962.3",575907,"C","T","mshA_p.Ala187Val","Ethionamide","mshA","p.Ala187Val",1,"missense_variant","Not assoc w R"
"NC_000962.3",575907,"C","T","mshA_p.Ala187Val","Isoniazid","mshA","p.Ala187Val",2,"missense_variant","Not assoc w R"
"NC_000962.3",620625,"A","G","ccsA_p.Ile245Met","Amikacin","ccsA","p.Ile245Met",2,"missense_variant","Not assoc w R"
"NC_000962.3",620625,"A","G","ccsA_p.Ile245Met","Capreomycin","ccsA","p.Ile245Met",2,"missense_variant","Not assoc w R"
"NC_000962.3",620625,"A","G","ccsA_p.Ile245Met","Kanamycin","ccsA","p.Ile245Met",2,"missense_variant","Uncertain significance"
"NC_000962.3",657081,"C","T","Rv0565c_c.390G>A","Ethionamide","Rv0565c","c.390G>A",2,"synonymous_variant","Not assoc w R - Interim"
"NC_000962.3",657142,"C","T","Rv0565c_p.Arg110His","Ethionamide","Rv0565c","p.Arg110His",2,"missense_variant","Uncertain significance"
"NC_000962.3",761155,"C","T","rpoB_p.Ser450Leu","Rifampicin","rpoB","p.Ser450Leu",1,"missense_variant","Assoc w R"
"NC_000962.3",763031,"T","C","rpoB_c.3225T>C","Rifampicin","rpoB","c.3225T>C",1,"synonymous_variant","Not assoc w R"
"NC_000962.3",764916,"T","C","rpoC_p.Leu516Pro","Rifampicin","rpoC","p.Leu516Pro",2,"missense_variant","Uncertain significance"
"NC_000962.3",775639,"T","C","mmpL5_p.Ile948Val","Bedaquiline","mmpL5","p.Ile948Val",1,"missense_variant","Not assoc w R - Interim"
"NC_000962.3",775639,"T","C","mmpL5_p.Ile948Val","Clofazimine","mmpL5","p.Ile948Val",1,"missense_variant","Not assoc w R"
"NC_000962.3",776100,"G","A","mmpL5_p.Thr794Ile","Bedaquiline","mmpL5","p.Thr794Ile",1,"missense_variant","Not assoc w R - Interim"
"NC_000962.3",776100,"G","A","mmpL5_p.Thr794Ile","Clofazimine","mmpL5","p.Thr794Ile",1,"missense_variant","Not assoc w R"
"NC_000962.3",776182,"C","T","mmpL5_p.Asp767Asn","Bedaquiline","mmpL5","p.Asp767Asn",1,"missense_variant","Not assoc w R"
"NC_000962.3",776182,"C","T","mmpL5_p.Asp767Asn","Clofazimine","mmpL5","p.Asp767Asn",1,"missense_variant","Not assoc w R"
"NC_000962.3",781395,"T","C","rpsL_c.-165T>C","Streptomycin","rpsL","c.-165T>C",1,"upstream_gene_variant","Not assoc w R"
"NC_000962.3",781687,"A","G","rpsL_p.Lys43Arg","Streptomycin","rpsL","p.Lys43Arg",1,"missense_variant","Assoc w R"
"NC_000962.3",1254562,"A","G","Rv1129c_c.-28T>C","Isoniazid","Rv1129c","c.-28T>C",2,"upstream_gene_variant","Not assoc w R"
"NC_000962.3",1254562,"A","G","Rv1129c_c.-28T>C","Levofloxacin","Rv1129c","c.-28T>C",2,"upstream_gene_variant","Not assoc w R"
"NC_000962.3",1254562,"A","G","Rv1129c_c.-28T>C","Moxifloxacin","Rv1129c","c.-28T>C",2,"upstream_gene_variant","Not assoc w R"
"NC_000962.3",1254562,"A","G","Rv1129c_c.-28T>C","Rifampicin","Rv1129c","c.-28T>C",2,"upstream_gene_variant","Not assoc w R"
"NC_000962.3",1406760,"T","TG","Rv1258c_p.Glu194fs","Isoniazid","Rv1258c","p.Glu194fs",2,"frameshift","Not assoc w R"
"NC_000962.3",1406760,"T","TG","Rv1258c_p.Glu194fs","Pyrazinamide","Rv1258c","p.Glu194fs",2,"frameshift","Uncertain significance"
"NC_000962.3",1406760,"T","TG","Rv1258c_p.Glu194fs","Streptomycin","Rv1258c","p.Glu194fs",1,"frameshift","Not assoc w R"
"NC_000962.3",1416222,"A","G","embR_p.Phe376Leu","Ethambutol","embR","p.Phe376Leu",2,"missense_variant","Not assoc w R"
"NC_000962.3",1416234,"A","C","embR_p.Cys372Gly","Ethambutol","embR","p.Cys372Gly",2,"missense_variant","Not assoc w R"
"NC_000962.3",1834177,"A","C","rpsA_c.636A>C","Pyrazinamide","rpsA","c.636A>C",2,"synonymous_variant","Not assoc w R - Interim"
"NC_000962.3",1854300,"T","C","tsnR_p.Leu232Pro","Linezolid","tsnR","p.Leu232Pro",2,"missense_variant","Not assoc w R"
"NC_000962.3",1917972,"A","G","tlyA_c.33A>G","Capreomycin","tlyA","c.33A>G",1,"synonymous_variant","Not assoc w R"
"NC_000962.3",2154724,"C","A","katG_p.Arg463Leu","Isoniazid","katG","p.Arg463Leu",1,"missense_variant","Not assoc w R"
"NC_000962.3",2155168,"C","G","katG_p.Ser315Thr","Isoniazid","katG","p.Ser315Thr",1,"missense_variant","Assoc w R"
"NC_000962.3",2167926,"A","G","PPE35_p.Leu896Ser","Pyrazinamide","PPE35","p.Leu896Ser",2,"missense_variant","Not assoc w R"
"NC_000962.3",2223293,"T","C","Rv1979c_c.-129A>G","Bedaquiline","Rv1979c","c.-129A>G",2,"upstream_gene_variant","Not assoc w R - Interim"
"NC_000962.3",2223293,"T","C","Rv1979c_c.-129A>G","Clofazimine","Rv1979c","c.-129A>G",1,"upstream_gene_variant","Not assoc w R"
"NC_000962.3",2288913,"T","C","pncA_p.Asp110Gly","Pyrazinamide","pncA","p.Asp110Gly",1,"missense_variant","Uncertain significance"
"NC_000962.3",3612813,"T","C","Rv3236c_p.Thr102Ala","Pyrazinamide","Rv3236c","p.Thr102Ala",2,"missense_variant","Not assoc w R - Interim"
"NC_000962.3",3625065,"T","G","mtrB_p.Met517Leu","Bedaquiline","mtrB","p.Met517Leu",2,"missense_variant","Uncertain significance"
"NC_000962.3",3625065,"T","G","mtrB_p.Met517Leu","Rifampicin","mtrB","p.Met517Leu",2,"missense_variant","Not assoc w R"
"NC_000962.3",3626562,"G","A","mtrB_p.Pro18Ser","Bedaquiline","mtrB","p.Pro18Ser",2,"missense_variant","Uncertain significance"
"NC_000962.3",3626562,"G","A","mtrB_p.Pro18Ser","Rifampicin","mtrB","p.Pro18Ser",2,"missense_variant","Not assoc w R"
"NC_000962.3",4242643,"C","T","embC_c.2781C>T","Ethambutol","embC","c.2781C>T",1,"synonymous_variant","Not assoc w R"
"NC_000962.3",4243460,"C","T","embA_c.228C>T","Ethambutol","embA","c.228C>T",1,"synonymous_variant","Not assoc w R"
"NC_000962.3",4247429,"A","G","embB_p.Met306Val","Ethambutol","embB","p.Met306Val",1,"missense_variant","Assoc w R"
"NC_000962.3",4267647,"T","C","aftB_p.Asp397Gly","Ethambutol","aftB","p.Asp397Gly",2,"missense_variant","Not assoc w R"
"NC_000962.3",4338289,"C","T","whiB6_p.Gly78Glu","Capreomycin","whiB6","p.Gly78Glu",2,"missense_variant","Uncertain significance"
"NC_000962.3",4338289,"C","T","whiB6_p.Gly78Glu","Kanamycin","whiB6","p.Gly78Glu",2,"missense_variant","Uncertain significance"
"NC_000962.3",4338595,"GC","G","whiB6_c.-75delG","Amikacin","whiB6","c.-75delG",2,"upstream_gene_variant","Not assoc w R"
"NC_000962.3",4338595,"GC","G","whiB6_c.-75delG","Capreomycin","whiB6","c.-75delG",2,"upstream_gene_variant","Not assoc w R"
"NC_000962.3",4338595,"GC","G","whiB6_c.-75delG","Kanamycin","whiB6","c.-75delG",2,"upstream_gene_variant","Not assoc w R"
"NC_000962.3",4407588,"T","C","gid_c.615A>G","Streptomycin","gid","c.615A>G",1,"synonymous_variant","Not assoc w R"
"NC_000962.3",4407927,"T","G","gid_p.Glu92Asp","Streptomycin","gid","p.Glu92Asp",1,"missense_variant","Not assoc w R"
